<?xml version="1.0" encoding="UTF-8" ?>
<!DOCTYPE configuration>

<configuration scan="false">
    <import class="ch.qos.logback.classic.encoder.PatternLayoutEncoder"/>
    <import class="ch.qos.logback.core.ConsoleAppender"/>
    <import class="ch.qos.logback.core.status.OnConsoleStatusListener"/>

    <timestamp key="date" datePattern="yyyyMMdd'T'HHmmss"/>

    <appender name="STDOUT" class="ConsoleAppender">
        <encoder class="PatternLayoutEncoder">
            <pattern>%d{HH:mm:ss.SSS} [%thread] %-5level %logger{36} - %msg%n</pattern>
        </encoder>
    </appender>

    <appender name="FILE" class="ch.qos.logback.core.FileAppender">
        <file>debug.log</file>
        <encoder>
            <pattern>%d{HH:mm:ss.SSS} [%thread] %-5level [%file:%line] - %msg%n</pattern>
        </encoder>
    </appender>

<!--    <statusListener class="OnConsoleStatusListener"/>-->

    <root level="OFF">
        <appender-ref ref="FILE"/>
        <appender-ref ref="STDOUT"/>
    </root>

    <logger name="com.gargoylesoftware.htmlunit" level="OFF" />
    <logger name="org.apache.http" level="OFF" />
</configuration>
